{"cameraMode":{"drawMode":0,"name":"Shaded","section":"Shading Mode"},"sceneLighting":true,"audioPlay":false,"sceneViewState":{"m_AlwaysRefresh":true,"showFog":true,"showSkybox":true,"showFlares":true,"showImageEffects":true,"showParticleSystems":true,"showVisualEffectGraphs":true,"m_FxEnabled":false},"in2DMode":false,"pivot":{"x":-3.020249128341675,"y":27.469453811645509,"z":-49.623741149902347},"rotation":{"x":0.12469439208507538,"y":-0.12500138580799104,"z":0.015732692554593087,"w":0.9842786192893982},"size":2.107593297958374,"orthographic":false}